year,month,headquarter,hour_count,load_MWh,electricity_cost_won,emission_tCO2eq,emission_kgCO2eq
2022,1,강원본부,744,1429203,139118753000.0,596406.4119,596406411.9
2022,1,경기본부,744,7670412,766538786700.0,3200862.9276,3200862927.6
2022,1,경기북부본부,744,2207636,221063576400.0,921246.5028,921246502.8
2022,1,경남본부,744,2140342,211291761400.0,893164.7166,893164716.6
2022,1,경북본부,744,1268843,124789786600.0,529488.1839000001,529488183.9
2022,1,광주전남본부,744,2886239,285305054700.0,1204427.5347,1204427534.7
2022,1,남서울본부,744,2105935,216078414900.0,878806.6755,878806675.5
2022,1,대구본부,744,2969773,296643756900.0,1239286.2729,1239286272.9
2022,1,대전세종충남본부,744,5289427,521735980399.99994,2207277.8871,2207277887.1
2022,1,부산울산본부,744,5060345,500464140400.0,2111681.9685,2111681968.5
2022,1,서울본부,744,1585961,162621486000.0,661821.5253,661821525.3
2022,1,인천본부,744,2800921,283033834200.0,1168824.3333,1168824333.3
2022,1,전북본부,744,1618702,159659831000.0,675484.3446,675484344.6
2022,1,제주본부,744,506069,50356595800.0,211182.5937,211182593.7
2022,1,충북본부,744,2283425,224501602900.0,952873.2525000001,952873252.5
2022,2,강원본부,672,1248290,121128002500.0,520911.417,520911417.0
2022,2,경기본부,672,6862062,685683842000.0,2863538.4726,2863538472.6
2022,2,경기북부본부,672,1943022,194516398200.0,810823.0806,810823080.6
2022,2,경남본부,672,1867912,184475061700.0,779479.6776,779479677.6
2022,2,경북본부,672,1127163,110806238200.0,470365.1199,470365119.9
2022,2,광주전남본부,672,2624829,259209240000.0,1095341.1417,1095341141.7
2022,2,남서울본부,672,1859272,190666520000.0,775874.2056,775874205.6
2022,2,대구본부,672,2633694,263296212000.0,1099040.5062,1099040506.2
2022,2,대전세종충남본부,672,4623122,455865011200.0,1929228.8106,1929228810.6
2022,2,부산울산본부,672,4429618,438275655100.0,1848479.5914,1848479591.4
2022,2,서울본부,672,1400710,143605940100.0,584516.283,584516283.0
2022,2,인천본부,672,2444005,247288082600.0,1019883.2865,1019883286.5
2022,2,전북본부,672,1438622,141884297100.0,600336.9606,600336960.6
2022,2,제주본부,672,463040,45857974500.0,193226.592,193226592.0
2022,2,충북본부,672,2021605,198789343600.0,843615.7665,843615766.5
2022,3,강원본부,744,1279231,92097186600.0,533823.0963,533823096.3
2022,3,경기본부,744,7028583,516415254300.0,2933027.6859,2933027685.9
2022,3,경기북부본부,744,1951960,143863215600.0,814552.908,814552908.0
2022,3,경남본부,744,1980848,144348176700.0,826607.8704,826607870.4
2022,3,경북본부,744,1197536,86878841400.0,499731.7728,499731772.8
2022,3,광주전남본부,744,2850479,207362892000.0,1189504.8867,1189504886.7
2022,3,남서울본부,744,1785375,133726411500.0,745036.9875,745036987.5
2022,3,대구본부,744,2840195,208448063100.0,1185213.3735,1185213373.5
2022,3,대전세종충남본부,744,4932923,359004216900.0,2058508.7679,2058508767.9
2022,3,부산울산본부,744,4889475,355692308700.0,2040377.9175,2040377917.5
2022,3,서울본부,744,1342222,100610894700.0,560109.2406,560109240.6
2022,3,인천본부,744,2561457,189594269100.0,1068896.0061,1068896006.1
2022,3,전북본부,744,1534039,111510209100.0,640154.4747,640154474.7
2022,3,제주본부,744,454078,33139461900.0,189486.7494,189486749.4
2022,3,충북본부,744,2154917,156537693600.0,899246.8641,899246864.1
2022,4,강원본부,720,1178145,85019686200.0,491639.9085,491639908.5
2022,4,경기본부,720,6595098,484102806900.0,2752134.3954,2752134395.4
2022,4,경기북부본부,720,1736243,127988486700.0,724534.2039,724534203.9
2022,4,경남본부,720,1786693,130572334800.0,745586.9889,745586988.9
2022,4,경북본부,720,1124610,81574651800.0,469299.753,469299753.0
2022,4,광주전남본부,720,2581292,187772721300.0,1077173.1516,1077173151.6
2022,4,남서울본부,720,1589539,118722997200.0,663314.6247,663314624.7
2022,4,대구본부,720,2621014,192180381600.0,1093749.1422000001,1093749142.2
2022,4,대전세종충남본부,720,4468817,325053676200.0,1864837.3341,1864837334.1
2022,4,부산울산본부,720,4569773,332166028800.0,1906966.2729,1906966272.9
2022,4,서울본부,720,1193802,89259460200.0,498173.5746,498173574.6
2022,4,인천본부,720,2324371,171570691800.0,969960.0183,969960018.3
2022,4,전북본부,720,1391645,101138442300.0,580733.4585,580733458.5
2022,4,제주본부,720,410121,29917994400.0,171143.4933,171143493.3
2022,4,충북본부,720,1997510,145324321800.0,833560.923,833560923.0
2022,5,강원본부,744,1222777,88502930400.0,510264.8421,510264842.1
2022,5,경기본부,744,6858970,504292955400.0,2862248.181,2862248181.0
2022,5,경기북부본부,744,1786870,132057043200.0,745660.851,745660851.0
2022,5,경남본부,744,1804391,132595454100.0,752972.3643,752972364.3
2022,5,경북본부,744,1172387,85232722500.0,489237.0951,489237095.1
2022,5,광주전남본부,744,2674530,194954340900.0,1116081.369,1116081369.0
2022,5,남서울본부,744,1694043,126818854500.0,706924.1439,706924143.9
2022,5,대구본부,744,2681029,197237958300.0,1118793.4017,1118793401.7
2022,5,대전세종충남본부,744,4529973,330215886000.0,1890357.7329,1890357732.9
2022,5,부산울산본부,744,4675097,340661287200.0,1950917.9781,1950917978.1
2022,5,서울본부,744,1275722,95580059700.0,532358.7906,532358790.6
2022,5,인천본부,744,2368725,175097418300.0,988468.9425,988468942.5
2022,5,전북본부,744,1423649,103774966800.0,594088.7277,594088727.7
2022,5,제주본부,744,410729,30121932600.0,171397.2117,171397211.7
2022,5,충북본부,744,2060193,150351572400.0,859718.5389,859718538.9
2022,6,강원본부,720,1180813,85811057700.0,492753.2649,492753264.9
2022,6,경기본부,720,7185870,529734974100.0,2998663.551,2998663551.0
2022,6,경기북부본부,720,1847321,137098313100.0,770887.0533,770887053.3
2022,6,경남본부,720,1842219,135691539900.0,768757.9887,768757988.7
2022,6,경북본부,720,1181982,86155975200.0,493241.0886,493241088.6
2022,6,광주전남본부,720,2764876,202249467900.0,1153782.7548,1153782754.8
2022,6,남서울본부,720,1888395,142025683800.0,788027.2335,788027233.5
2022,6,대구본부,720,2733574,201826393500.0,1140720.4302,1140720430.2
2022,6,대전세종충남본부,720,4723820,345694845600.0,1971250.0860000001,1971250086.0
2022,6,부산울산본부,720,4605694,336383405700.0,1921956.1062,1921956106.2
2022,6,서울본부,720,1416700,106569826800.0,591188.91,591188910.0
2022,6,인천본부,720,2439017,181199297700.0,1017801.7941,1017801794.1
2022,6,전북본부,720,1465411,107304889200.0,611516.0103,611516010.3
2022,6,제주본부,720,427155,31666793700.0,178251.7815,178251781.5
2022,6,충북본부,720,2097357,153487610100.0,875227.0761000001,875227076.1
2022,7,강원본부,744,1310225,133662644600.0,546756.8925,546756892.5
2022,7,경기본부,744,8152275,852579504900.0,3401944.3575,3401944357.5
2022,7,경기북부본부,744,2176268,230735650700.0,908156.6364,908156636.4
2022,7,경남본부,744,2057999,216214991500.0,858802.9827,858802982.7
2022,7,경북본부,744,1281273,131161505900.0,534675.2229,534675222.9
2022,7,광주전남본부,744,3098081,318909318900.0,1292829.2013,1292829201.3
2022,7,남서울본부,744,2382558,258273804200.0,994241.4534,994241453.4
2022,7,대구본부,744,3059198,320833421900.0,1276603.3254,1276603325.4
2022,7,대전세종충남본부,744,5213384,536619848100.0,2175545.1432,2175545143.2
2022,7,부산울산본부,744,5254052,542180194200.0,2192515.8996,2192515899.6
2022,7,서울본부,744,1800102,195019710100.0,751182.5646,751182564.6
2022,7,인천본부,744,2909982,309390603100.0,1214335.4886,1214335488.6
2022,7,전북본부,744,1619161,167129899000.0,675675.8853,675675885.3
2022,7,제주본부,744,526671,55608683200.0,219779.8083,219779808.3
2022,7,충북본부,744,2341267,241221507700.0,977010.7191,977010719.1
2022,8,강원본부,744,1286981,130872691300.0,537057.1713,537057171.3
2022,8,경기본부,744,7965822,831458632600.0,3324137.5206,3324137520.6
2022,8,경기북부본부,744,2126960,224962901700.0,887580.408,887580408.0
2022,8,경남본부,744,1970446,207550760400.0,822267.1158,822267115.8
2022,8,경북본부,744,1256301,128496509900.0,524254.4073,524254407.3
2022,8,광주전남본부,744,3087729,317926358600.0,1288509.3117,1288509311.7
2022,8,남서울본부,744,2330859,252060697200.0,972667.4607,972667460.7
2022,8,대구본부,744,2973091,311813252100.0,1240670.8743,1240670874.3
2022,8,대전세종충남본부,744,5085205,523702053400.0,2122056.0465,2122056046.5
2022,8,부산울산본부,744,5187159,535966696600.0,2164601.4507,2164601450.7
2022,8,서울본부,744,1741675,188202149400.0,726800.9775,726800977.5
2022,8,인천본부,744,2798218,297079479800.0,1167696.3714,1167696371.4
2022,8,전북본부,744,1560177,161423214600.0,651061.8621,651061862.1
2022,8,제주본부,744,550943,58341439200.0,229908.5139,229908513.9
2022,8,충북본부,744,2266606,233403388100.0,945854.6838,945854683.8
2022,9,강원본부,720,1176309,85287293400.0,490873.7457,490873745.7
2022,9,경기본부,720,7073679,521270758200.0,2951846.2467,2951846246.7
2022,9,경기북부본부,720,1804853,133882495500.0,753165.1569000001,753165156.9
2022,9,경남본부,720,1745841,128929558500.0,728539.4493,728539449.3
2022,9,경북본부,720,1066333,77651714700.0,444980.7609,444980760.9
2022,9,광주전남본부,720,2725026,199254167700.0,1137153.3498,1137153349.8
2022,9,남서울본부,720,1874127,140768739300.0,782073.1971,782073197.1
2022,9,대구본부,720,2496821,184344958800.0,1041923.4033,1041923403.3
2022,9,대전세종충남본부,720,4600171,336959070300.0,1919651.3583,1919651358.3
2022,9,부산울산본부,720,4620164,337898976600.0,1927994.4372,1927994437.2
2022,9,서울본부,720,1399308,105178303200.0,583931.2284,583931228.4
2022,9,인천본부,720,2408954,179024181300.0,1005256.5042,1005256504.2
2022,9,전북본부,720,1394836,102204057300.0,582065.0628,582065062.8
2022,9,제주본부,720,424065,31465074300.0,176962.3245,176962324.5
2022,9,충북본부,720,2055494,150205645800.0,857757.6462,857757646.2
2022,10,강원본부,744,1131536,82057245300.0,472189.9728,472189972.8
2022,10,경기본부,744,6593223,484113000900.0,2751351.9579,2751351957.9
2022,10,경기북부본부,744,1762587,130076303400.0,735527.5551,735527555.1
2022,10,경남본부,744,1688336,123868443300.0,704542.6128,704542612.8
2022,10,경북본부,744,1053340,76449847800.0,439558.782,439558782.0
2022,10,광주전남본부,744,2623996,191060364900.0,1094993.5308,1094993530.8
2022,10,남서울본부,744,1548525,115695022800.0,646199.4825,646199482.5
2022,10,대구본부,744,2607429,191635475100.0,1088080.1217,1088080121.7
2022,10,대전세종충남본부,744,4563540,332427682200.0,1904365.242,1904365242.0
2022,10,부산울산본부,744,4362928,317430761700.0,1820649.8544,1820649854.4
2022,10,서울본부,744,1230929,92097727500.0,513666.6717,513666671.7
2022,10,인천본부,744,2168848,160530447600.0,905060.2704,905060270.4
2022,10,전북본부,744,1320574,96175303800.0,551075.5302,551075530.2
2022,10,제주본부,744,354765,26179607400.0,148043.4345,148043434.5
2022,10,충북본부,744,1970328,143466759900.0,822217.8744,822217874.4
2022,11,강원본부,720,1192972,116486403900.0,497827.2156,497827215.6
2022,11,경기본부,720,6800495,678537403200.0,2837846.5635,2837846563.5
2022,11,경기북부본부,720,1847501,185426803300.0,770962.1673,770962167.3
2022,11,경남본부,720,1796321,177832353600.0,749604.7533,749604753.3
2022,11,경북본부,720,1049278,103088642000.0,437863.7094,437863709.4
2022,11,광주전남본부,720,2618105,258358700400.0,1092535.2165,1092535216.5
2022,11,남서울본부,720,1612681,164630339400.0,672971.7813,672971781.3
2022,11,대구본부,720,2684438,267654418500.0,1120215.9774,1120215977.4
2022,11,대전세종충남본부,720,4572257,451234404800.0,1908002.8461,1908002846.1
2022,11,부산울산본부,720,4366220,430220544900.0,1822023.606,1822023606.0
2022,11,서울본부,720,1276356,130390137099.99998,532623.3588,532623358.8
2022,11,인천본부,720,2357378,237567245300.0,983733.8394,983733839.4
2022,11,전북본부,720,1363144,134427228699.99998,568839.9912,568839991.2
2022,11,제주본부,720,397330,39723149200.0,165805.809,165805809.0
2022,11,충북본부,720,2073407,204320115900.0,865232.7411,865232741.1
2022,12,강원본부,744,1497618,145451681500.0,624955.9914,624955991.4
2022,12,경기본부,744,8038387,802758888900.0,3354418.8951,3354418895.1
2022,12,경기북부본부,744,2251839,226035416100.0,939692.4147,939692414.7
2022,12,경남본부,744,2150108,212572487600.0,897240.0684,897240068.4
2022,12,경북본부,744,1203451,118421275900.0,502200.1023,502200102.3
2022,12,광주전남본부,744,3048240,301207168400.0,1272030.552,1272030552.0
2022,12,남서울본부,744,2188363,224414943200.0,913203.8799,913203879.9
2022,12,대구본부,744,3071484,307014540900.0,1281730.2732,1281730273.2
2022,12,대전세종충남본부,744,5358966,529909352100.0,2236296.5118,2236296511.8
2022,12,부산울산본부,744,4962543,490886559900.0,2070869.1939,2070869193.9
2022,12,서울본부,744,1693862,173644528600.0,706848.6126,706848612.6
2022,12,인천본부,744,2955146,298960161500.0,1233182.4258,1233182425.8
2022,12,전북본부,744,1622289,160249673600.0,676981.1997,676981199.7
2022,12,제주본부,744,510994,50973429400.0,213237.7962,213237796.2
2022,12,충북본부,744,2350026,231103814200.0,980665.8498,980665849.8
2023,1,강원본부,744,1451120,141058397200.0,605552.376,605552376.0
2023,1,경기본부,744,7880817,786659102900.0,3288664.9341,3288664934.1
2023,1,경기북부본부,744,2172017,217577675300.0,906382.6941,906382694.1
2023,1,경남본부,744,2094536,206973577300.0,874049.8728,874049872.8
2023,1,경북본부,744,1181843,116288404300.0,493183.0839,493183083.9
2023,1,광주전남본부,744,3073376,303630699400.0,1282519.8048,1282519804.8
2023,1,남서울본부,744,2142338,219321331800.0,893997.6474,893997647.4
2023,1,대구본부,744,2949874,295025198700.0,1230982.4202,1230982420.2
2023,1,대전세종충남본부,744,4961653,490231517700.0,2070497.7969,2070497796.9
2023,1,부산울산본부,744,4901086,486105166800.0,2045223.1878,2045223187.8
2023,1,서울본부,744,1641476,167961567400.0,684987.9348,684987934.8
2023,1,인천본부,744,2886839,291796959400.0,1204677.9147,1204677914.7
2023,1,전북본부,744,1596209,157482319800.0,666098.0157,666098015.7
2023,1,제주본부,744,523796,51979051300.0,218580.07080000002,218580070.8
2023,1,충북본부,744,2273873,223616853900.0,948887.2029,948887202.9
2023,2,강원본부,672,1280564,124512962300.0,534379.3572,534379357.2
2023,2,경기본부,672,7149194,713263215600.0,2983358.6562,2983358656.2
2023,2,경기북부본부,672,1896640,189982083600.0,791467.872,791467872.0
2023,2,경남본부,672,1951049,192437791700.0,814172.7477000001,814172747.7
2023,2,경북본부,672,1078878,106035707800.0,450215.7894,450215789.4
2023,2,광주전남본부,672,2838623,279884845100.0,1184557.3779,1184557377.9
2023,2,남서울본부,672,1802429,183960971300.0,752153.6217,752153621.7
2023,2,대구본부,672,2717330,271174726200.0,1133941.8090000001,1133941809.0
2023,2,대전세종충남본부,672,4509822,444907246300.0,1881948.7206000001,1881948720.6
2023,2,부산울산본부,672,4534862,448880112200.0,1892397.9126,1892397912.6
2023,2,서울본부,672,1391807,142322052300.0,580801.0611,580801061.1
2023,2,인천본부,672,2593703,261711354200.0,1082352.2619,1082352261.9
2023,2,전북본부,672,1446056,142417222400.0,603439.1688,603439168.8
2023,2,제주본부,672,462488,45748615900.0,192996.2424,192996242.4
2023,2,충북본부,672,2070816,203700001000.0,864151.5168,864151516.8
2023,3,강원본부,744,1299455,93579943500.0,542262.5715,542262571.5
2023,3,경기본부,744,7265507,533179752600.0,3031896.0711,3031896071.1
2023,3,경기북부본부,744,1889088,139199758800.0,788316.4224,788316422.4
2023,3,경남본부,744,1989918,144957443700.0,830392.7814,830392781.4
2023,3,경북본부,744,1118210,81098463000.0,466629.033,466629033.0
2023,3,광주전남본부,744,2995637,217690410300.0,1250079.3201,1250079320.1
2023,3,남서울본부,744,1794584,134111021100.0,748879.9032000001,748879903.2
2023,3,대구본부,744,2844197,208681133100.0,1186883.4081000001,1186883408.1
2023,3,대전세종충남본부,744,4752412,345763144500.0,1983181.5276,1983181527.6
2023,3,부산울산본부,744,4669958,340332788100.0,1948773.4734,1948773473.4
2023,3,서울본부,744,1356055,101351957400.0,565881.7515,565881751.5
2023,3,인천본부,744,2582140,190921857000.0,1077527.022,1077527022.0
2023,3,전북본부,744,1496166,108674205300.0,624350.0718,624350071.8
2023,3,제주본부,744,460861,33533391900.0,192317.2953,192317295.3
2023,3,충북본부,744,2167141,157418296200.0,904347.9393,904347939.3
2023,4,강원본부,720,1203523,86852773200.0,502230.1479,502230147.9
2023,4,경기본부,720,6726012,493585564200.0,2806764.8076,2806764807.6
2023,4,경기북부본부,720,1719960,126850152600.0,717739.308,717739308.0
2023,4,경남본부,720,1821980,133029225300.0,760312.254,760312254.0
2023,4,경북본부,720,1070479,77655426000.0,446710.88670000003,446710886.7
2023,4,광주전남본부,720,2718829,197744112900.0,1134567.3417,1134567341.7
2023,4,남서울본부,720,1630562,121743261000.0,680433.5226,680433522.6
2023,4,대구본부,720,2635171,193364564400.0,1099656.8583,1099656858.3
2023,4,대전세종충남본부,720,4409461,320835381000.0,1840068.0753,1840068075.3
2023,4,부산울산본부,720,4407593,321027886800.0,1839288.5589,1839288558.9
2023,4,서울본부,720,1228600,91756967400.0,512694.78,512694780.0
2023,4,인천본부,720,2409594,178019879400.0,1005523.5762,1005523576.2
2023,4,전북본부,720,1402080,101952317100.0,585087.984,585087984.0
2023,4,제주본부,720,418618,30532076700.0,174689.2914,174689291.4
2023,4,충북본부,720,2010470,146286946500.0,838969.131,838969131.0
2023,5,강원본부,744,1232707,89337644700.0,514408.6311,514408631.1
2023,5,경기본부,744,7024894,517126112100.0,2931488.2662,2931488266.2
2023,5,경기북부본부,744,1701129,126033827700.0,709881.1317,709881131.7
2023,5,경남본부,744,1844149,135426751200.0,769563.3777,769563377.7
2023,5,경북본부,744,1096978,79787089500.0,457768.9194,457768919.4
2023,5,광주전남본부,744,2828617,206136059400.0,1180381.8741,1180381874.1
2023,5,남서울본부,744,1780577,133443571800.0,743034.7821,743034782.1
2023,5,대구본부,744,2704428,199057684200.0,1128557.8044,1128557804.4
2023,5,대전세종충남본부,744,4453776,325071300900.0,1858560.7248,1858560724.8
2023,5,부산울산본부,744,4575881,334530458400.0,1909515.1413,1909515141.3
2023,5,서울본부,744,1351893,101314551000.0,564144.9489,564144948.9
2023,5,인천본부,744,2529014,187356168900.0,1055357.5422,1055357542.2
2023,5,전북본부,744,1413376,103180704300.0,589801.8048,589801804.8
2023,5,제주본부,744,415629,30526931100.0,173441.9817,173441981.7
2023,5,충북본부,744,2080337,151856977200.0,868124.6301,868124630.1
2023,6,강원본부,720,1214663,88433208600.0,506878.8699,506878869.9
2023,6,경기본부,720,7463847,550521327900.0,3114663.3531,3114663353.1
2023,6,경기북부본부,720,1886034,140174810700.0,787041.9882,787041988.2
2023,6,경남본부,720,1918901,141488686800.0,800757.3873000001,800757387.3
2023,6,경북본부,720,1094518,79865799900.0,456742.3614,456742361.4
2023,6,광주전남본부,720,2854074,208673349000.0,1191005.0802,1191005080.2
2023,6,남서울본부,720,1973174,148506258600.0,823405.5102,823405510.2
2023,6,대구본부,720,2780415,205282244100.0,1160267.1795,1160267179.5
2023,6,대전세종충남본부,720,4689370,343147115100.0,1956874.101,1956874101.0
2023,6,부산울산본부,720,4623588,338445987000.0,1929423.2724,1929423272.4
2023,6,서울본부,720,1508987,113552312700.0,629700.2751,629700275.1
2023,6,인천본부,720,2631424,195764927700.0,1098093.2352,1098093235.2
2023,6,전북본부,720,1420917,104122786800.0,592948.6641,592948664.1
2023,6,제주본부,720,424416,31438131900.0,177108.7968,177108796.8
2023,6,충북본부,720,2156596,157775352300.0,899947.5108,899947510.8
2023,7,강원본부,744,1331451,136266331200.0,555614.5023,555614502.3
2023,7,경기본부,744,8275379,866593247300.0,3453315.6567,3453315656.7
2023,7,경기북부본부,744,2194912,233057946200.0,915936.7776,915936777.6
2023,7,경남본부,744,2128625,223389224500.0,888275.2125,888275212.5
2023,7,경북본부,744,1182902,121361914500.0,493625.0046,493625004.6
2023,7,광주전남본부,744,3101822,319046849000.0,1294390.3206,1294390320.6
2023,7,남서울본부,744,2408738,261152939100.0,1005166.3674,1005166367.4
2023,7,대구본부,744,3063619,321448873000.0,1278448.2087,1278448208.7
2023,7,대전세종충남본부,744,5108924,525185491700.0,2131953.9852,2131953985.2
2023,7,부산울산본부,744,5208471,538342524000.0,2173494.9483,2173494948.3
2023,7,서울본부,744,1843690,199602180300.0,769371.837,769371837.0
2023,7,인천본부,744,3056923,324985105800.0,1275653.9679,1275653967.9
2023,7,전북본부,744,1561142,161533152400.0,651464.5566,651464556.6
2023,7,제주본부,744,513687,54154054300.0,214361.5851,214361585.1
2023,7,충북본부,744,2325468,239593653300.0,970417.7964,970417796.4
2023,8,강원본부,744,1346626,138033037100.0,561947.0298,561947029.8
2023,8,경기본부,744,8452445,886674861000.0,3527205.2985,3527205298.5
2023,8,경기북부본부,744,2280215,242272737300.0,951533.7195,951533719.5
2023,8,경남본부,744,2158052,227928381800.0,900555.0996,900555099.6
2023,8,경북본부,744,1262924,130040399400.0,527018.1852,527018185.2
2023,8,광주전남본부,744,3238780,334241427300.0,1351542.894,1351542894.0
2023,8,남서울본부,744,2541255,275401279900.0,1060465.7115,1060465711.5
2023,8,대구본부,744,3098295,326271584300.0,1292918.5035,1292918503.5
2023,8,대전세종충남본부,744,5165263,534844878000.0,2155464.2499,2155464249.9
2023,8,부산울산본부,744,5457212,565880614800.0,2277294.5676,2277294567.6
2023,8,서울본부,744,1942552,210133205600.0,810626.9496,810626949.6
2023,8,인천본부,744,3204432,341025326600.0,1337209.4736,1337209473.6
2023,8,전북본부,744,1607144,166985696300.0,670661.1912,670661191.2
2023,8,제주본부,744,547616,57973617000.0,228520.1568,228520156.8
2023,8,충북본부,744,2358229,243738559000.0,984088.9617,984088961.7
2023,9,강원본부,720,1236957,90194852400.0,516182.1561,516182156.1
2023,9,경기본부,720,7449912,549584969400.0,3108848.2776,3108848277.6
2023,9,경기북부본부,720,1952662,145169992800.0,814845.8526,814845852.6
2023,9,경남본부,720,1925158,142169592300.0,803368.4334,803368433.4
2023,9,경북본부,720,1136409,82928634600.0,474223.4757,474223475.7
2023,9,광주전남본부,720,2954254,216424816200.0,1232810.1942,1232810194.2
2023,9,남서울본부,720,2087774,157052957700.0,871228.0902,871228090.2
2023,9,대구본부,720,2752980,203236780200.0,1148818.554,1148818554.0
2023,9,대전세종충남본부,720,4958399,363331459800.0,2069139.9027,2069139902.7
2023,9,부산울산본부,720,4940023,362063954700.0,2061471.5979,2061471597.9
2023,9,서울본부,720,1586594,119329145700.0,662085.6762,662085676.2
2023,9,인천본부,720,2752902,204727947300.0,1148786.0046,1148786004.6
2023,9,전북본부,720,1450029,106298153700.0,605097.1017,605097101.7
2023,9,제주본부,720,462252,34398765000.0,192897.7596,192897759.6
2023,9,충북본부,720,2114237,154723132200.0,882271.1001,882271100.1
2023,10,강원본부,744,1244846,90186126000.0,519474.2358,519474235.8
2023,10,경기본부,744,7011106,515665561200.0,2925734.5338,2925734533.8
2023,10,경기북부본부,744,1841165,136114736100.0,768318.1545000001,768318154.5
2023,10,경남본부,744,1841002,135343960800.0,768250.1346,768250134.6
2023,10,경북본부,744,1109615,80713777500.0,463042.3395,463042339.5
2023,10,광주전남본부,744,2741105,200103441300.0,1143863.1165,1143863116.5
2023,10,남서울본부,744,1771125,132453895800.0,739090.4625,739090462.5
2023,10,대구본부,744,2667076,196402725900.0,1112970.8148,1112970814.8
2023,10,대전세종충남본부,744,4875716,355020590700.0,2034636.2868000001,2034636286.8
2023,10,부산울산본부,744,4672562,341364409800.0,1949860.1226000001,1949860122.6
2023,10,서울본부,744,1340326,100247872200.0,559318.0398,559318039.8
2023,10,인천본부,744,2471780,183303192600.0,1031473.794,1031473794.0
2023,10,전북본부,744,1442523,105377879400.0,601964.8479,601964847.9
2023,10,제주본부,744,404824,29900487000.0,168933.0552,168933055.2
2023,10,충북본부,744,2080014,151711019700.0,867989.8422,867989842.2
2023,11,강원본부,720,1345307,131554027299.99998,561396.6111,561396611.1
2023,11,경기본부,720,7503167,749814340700.0,3131071.5891,3131071589.1
2023,11,경기북부본부,720,2025971,203774366100.0,845437.6983,845437698.3
2023,11,경남본부,720,2031020,201199954400.0,847544.646,847544646.0
2023,11,경북본부,720,1153104,113496006800.0,481190.2992,481190299.2
2023,11,광주전남본부,720,2820339,279050333300.0,1176927.4647000001,1176927464.7
2023,11,남서울본부,720,1933528,197993441500.0,806861.2344,806861234.4
2023,11,대구본부,720,2818159,281684679300.0,1176017.7507,1176017750.7
2023,11,대전세종충남본부,720,5066130,500050608200.0,2114096.049,2114096049.0
2023,11,부산울산본부,720,4606432,456785665300.0,1922264.0736,1922264073.6
2023,11,서울본부,720,1486810,152269850300.0,620445.813,620445813.0
2023,11,인천본부,720,2730112,276135258200.0,1139275.7376,1139275737.6
2023,11,전북본부,720,1521717,150409722600.0,635012.5041,635012504.1
2023,11,제주본부,720,418478,41943955700.0,174630.8694,174630869.4
2023,11,충북본부,720,2223257,219220542800.0,927765.1461,927765146.1
2023,12,강원본부,744,1534424,149485999900.0,640315.1352,640315135.2
2023,12,경기본부,744,8072058,806129087400.0,3368469.8034,3368469803.4
2023,12,경기북부본부,744,2296950,230480395000.0,958517.235,958517235.0
2023,12,경남본부,744,2267453,223489658000.0,946208.1369,946208136.9
2023,12,경북본부,744,1275501,125441540900.0,532266.5673,532266567.3
2023,12,광주전남본부,744,3467395,342500412400.0,1446943.9335,1446943933.5
2023,12,남서울본부,744,2234329,228931773900.0,932385.4917,932385491.7
2023,12,대구본부,744,3123654,312015159000.0,1303500.8142,1303500814.2
2023,12,대전세종충남본부,744,5439268,537391092700.0,2269806.5364,2269806536.4
2023,12,부산울산본부,744,4905026,486893992800.0,2046867.3498,2046867349.8
2023,12,서울본부,744,1748042,179110028500.0,729457.9266,729457926.6
2023,12,인천본부,744,3046166,308175343900.0,1271165.0718,1271165071.8
2023,12,전북본부,744,1704140,168353291500.0,711137.622,711137622.0
2023,12,제주본부,744,485880,48501581200.0,202757.72400000002,202757724.0
2023,12,충북본부,744,2395336,235229005700.0,999573.7128,999573712.8
2024,1,강원본부,744,1526495,148839952800.0,637006.3635,637006363.5
2024,1,경기본부,744,8400729,840576224900.0,3505624.2117,3505624211.7
2024,1,경기북부본부,744,2380691,238861508500.0,993462.3543,993462354.3
2024,1,경남본부,744,2396713,236407557700.0,1000148.3349,1000148334.9
2024,1,경북본부,744,1339133,131832227400.0,558820.2009,558820200.9
2024,1,광주전남본부,744,4010587,395689730900.0,1673617.9551,1673617955.1
2024,1,남서울본부,744,2315103,237656818900.0,966092.4819,966092481.9
2024,1,대구본부,744,3311756,331463505000.0,1381995.7788,1381995778.8
2024,1,대전세종충남본부,744,5608949,554071822900.0,2340614.4177,2340614417.7
2024,1,부산울산본부,744,5130631,510204632200.0,2141012.3163,2141012316.3
2024,1,서울본부,744,1813981,186156543300.0,756974.2713,756974271.3
2024,1,인천본부,744,3254996,329441710600.0,1358309.8308,1358309830.8
2024,1,전북본부,744,1784953,176390104300.0,744860.8869,744860886.9
2024,1,제주본부,744,522450,51863775200.0,218018.385,218018385.0
2024,1,충북본부,744,2491401,244876290400.0,1039661.6373000001,1039661637.3
2024,2,강원본부,696,1401963,136445110000.0,585039.1599,585039159.9
2024,2,경기본부,696,7418880,740557812300.0,3095898.624,3095898624.0
2024,2,경기북부본부,696,2058236,206009844700.0,858901.8828,858901882.8
2024,2,경남본부,696,2065367,203797342300.0,861877.6491,861877649.1
2024,2,경북본부,696,1170387,115055847900.0,488402.4951,488402495.1
2024,2,광주전남본부,696,3654060,360015531800.0,1524839.2380000001,1524839238.0
2024,2,남서울본부,696,1966413,201200369900.0,820584.1449,820584144.9
2024,2,대구본부,696,2894571,289243194600.0,1207904.4783,1207904478.3
2024,2,대전세종충남본부,696,4952778,488375744200.0,2066794.2594,2066794259.4
2024,2,부산울산본부,696,4665276,462927670200.0,1946819.6748,1946819674.8
2024,2,서울본부,696,1541530,157747152000.0,643280.469,643280469.0
2024,2,인천본부,696,2746949,277486680100.0,1146301.8177,1146301817.7
2024,2,전북본부,696,1556820,153572526400.0,649660.986,649660986.0
2024,2,제주본부,696,462205,45913670100.0,192878.1465,192878146.5
2024,2,충북본부,696,2177134,213591206400.0,908518.0182,908518018.2
2024,3,강원본부,744,1402763,101137209600.0,585372.9999,585372999.9
2024,3,경기본부,744,7966927,584592447000.0,3324598.6371,3324598637.1
2024,3,경기북부본부,744,2104494,154944435000.0,878205.3462,878205346.2
2024,3,경남본부,744,2184507,158723618700.0,911594.7711,911594771.1
2024,3,경북본부,744,1224833,88824126900.0,511122.8109,511122810.9
2024,3,광주전남본부,744,3870334,281261771400.0,1615090.3782,1615090378.2
2024,3,남서울본부,744,1973922,147623750400.0,823717.6506,823717650.6
2024,3,대구본부,744,3125544,229364811300.0,1304289.5112,1304289511.2
2024,3,대전세종충남본부,744,5136838,373494765900.0,2143602.4974,2143602497.4
2024,3,부산울산본부,744,4921653,359323637400.0,2053805.7969,2053805796.9
2024,3,서울본부,744,1567193,117300614100.0,653989.6389,653989638.9
2024,3,인천본부,744,2797613,207246944400.0,1167443.9049,1167443904.9
2024,3,전북본부,744,1669345,121335393000.0,696617.6685,696617668.5
2024,3,제주본부,744,489167,35608432200.0,204129.3891,204129389.1
2024,3,충북본부,744,2229366,161442306300.0,930314.4318,930314431.8
2024,4,강원본부,720,1216761,88204479600.0,507754.3653,507754365.3
2024,4,경기본부,720,7131604,524250189000.0,2976018.3492,2976018349.2
2024,4,경기북부본부,720,1862104,137452332300.0,777055.9992,777055999.2
2024,4,경남본부,720,1937522,141561492300.0,808527.9306,808527930.6
2024,4,경북본부,720,1139359,82854508200.0,475454.5107,475454510.7
2024,4,광주전남본부,720,3632463,264205264200.0,1515826.8099,1515826809.9
2024,4,남서울본부,720,1756490,131221957800.0,732983.277,732983277.0
2024,4,대구본부,720,2805229,206337595800.0,1170622.0617,1170622061.7
2024,4,대전세종충남본부,720,4713351,343370330700.0,1966881.3723,1966881372.3
2024,4,부산울산본부,720,4578061,334446923700.0,1910424.8553,1910424855.3
2024,4,서울본부,720,1386801,103718733900.0,578712.0573,578712057.3
2024,4,인천본부,720,2539849,188093555100.0,1059878.9877,1059878987.7
2024,4,전북본부,720,1522704,110964721500.0,635424.3792,635424379.2
2024,4,제주본부,720,429251,31358501700.0,179126.4423,179126442.3
2024,4,충북본부,720,2020249,146954148600.0,843049.9077,843049907.7
2024,5,강원본부,744,1242435,90308912400.0,518468.1255,518468125.5
2024,5,경기본부,744,7580109,557715716100.0,3163179.4857,3163179485.7
2024,5,경기북부본부,744,1912257,141443209800.0,797984.8461,797984846.1
2024,5,경남본부,744,1967069,144374221800.0,820857.8937,820857893.7
2024,5,경북본부,744,1191600,86798778300.0,497254.68,497254680.0
2024,5,광주전남본부,744,3687173,268574964000.0,1538657.2929,1538657292.9
2024,5,남서울본부,744,1872360,140199579300.0,781335.828,781335828.0
2024,5,대구본부,744,2893217,213055205100.0,1207339.4541,1207339454.1
2024,5,대전세종충남본부,744,4887374,356178541200.0,2039501.1702,2039501170.2
2024,5,부산울산본부,744,4787821,349944009000.0,1997957.7033,1997957703.3
2024,5,서울본부,744,1478285,110821930800.0,616888.3305,616888330.5
2024,5,인천본부,744,2615916,193909494600.0,1091621.7468,1091621746.8
2024,5,전북본부,744,1536288,112166490300.0,641092.9824,641092982.4
2024,5,제주본부,744,432625,31741108500.0,180534.4125,180534412.5
2024,5,충북본부,744,2035861,148590237600.0,849564.7953,849564795.3
2024,6,강원본부,720,1251336,91614840000.0,522182.5128,522182512.8
2024,6,경기본부,720,7786421,575015177400.0,3249273.4833,3249273483.3
2024,6,경기북부본부,720,2017675,150173171400.0,841975.7775,841975777.5
2024,6,경남본부,720,2005882,147908428800.0,837054.5586,837054558.6
2024,6,경북본부,720,1216113,88956445500.0,507483.9549,507483954.9
2024,6,광주전남본부,720,3680552,268812781800.0,1535894.3496,1535894349.6
2024,6,남서울본부,720,2148844,161834790900.0,896712.6012,896712601.2
2024,6,대구본부,720,3013030,222609153300.0,1257337.419,1257337419.0
2024,6,대전세종충남본부,720,4985753,364975114500.0,2080554.7269000001,2080554726.9
2024,6,부산울산본부,720,4824531,354103276200.0,2013276.7863,2013276786.3
2024,6,서울본부,720,1703689,128435103300.0,710949.4197,710949419.7
2024,6,인천본부,720,2815233,209487505800.0,1174796.7309,1174796730.9
2024,6,전북본부,720,1567986,115047520200.0,654320.5578,654320557.8
2024,6,제주본부,720,440334,32592522000.0,183751.3782,183751378.2
2024,6,충북본부,720,1970770,144487433700.0,822402.321,822402321.0
2024,7,강원본부,744,1372726,141085646700.0,572838.5598,572838559.8
2024,7,경기본부,744,8996860,942833989000.0,3754389.678,3754389678.0
2024,7,경기북부본부,744,2338806,248416324700.0,975983.7438,975983743.8
2024,7,경남본부,744,2331647,244911576200.0,972996.2931,972996293.1
2024,7,경북본부,744,1375167,141632777700.0,573857.1891,573857189.1
2024,7,광주전남본부,744,4138285,424590063700.0,1726906.3305,1726906330.5
2024,7,남서울본부,744,2547219,275433239000.0,1062954.4887,1062954488.7
2024,7,대구본부,744,3409131,358566482400.0,1422630.3663,1422630366.3
2024,7,대전세종충남본부,744,5487018,565481897700.0,2289732.6114,2289732611.4
2024,7,부산울산본부,744,5495759,571215387500.0,2293380.2307,2293380230.7
2024,7,서울본부,744,2055747,222381302800.0,857863.2231000001,857863223.1
2024,7,인천본부,744,3278643,349269805400.0,1368177.7239,1368177723.9
2024,7,전북본부,744,1781970,184970157300.0,743616.081,743616081.0
2024,7,제주본부,744,565165,59783835300.0,235843.35450000002,235843354.5
2024,7,충북본부,744,2196108,227527589300.0,916435.8684,916435868.4
2024,8,강원본부,744,1412108,146558780200.0,589272.6684,589272668.4
2024,8,경기본부,744,9603826,1008701865700.0,4007676.5898,4007676589.8
2024,8,경기북부본부,744,2594387,276532528500.0,1082637.6951000001,1082637695.1
2024,8,경남본부,744,2393937,253209528400.0,998989.9101,998989910.1
2024,8,경북본부,744,1467575,151759215200.0,612419.0475,612419047.5
2024,8,광주전남본부,744,4319709,444917877500.0,1802614.5657,1802614565.7
2024,8,남서울본부,744,2930787,317479059000.0,1223017.4151,1223017415.1
2024,8,대구본부,744,3545456,374525952800.0,1479518.7888,1479518788.8
2024,8,대전세종충남본부,744,5887879,608963828700.0,2457011.9067,2457011906.7
2024,8,부산울산본부,744,5797918,605172594100.0,2419471.1814,2419471181.4
2024,8,서울본부,744,2329384,252469286100.0,972051.9432,972051943.2
2024,8,인천본부,744,3690339,393395408200.0,1539978.4647000001,1539978464.7
2024,8,전북본부,744,1858445,193627115600.0,775529.0985,775529098.5
2024,8,제주본부,744,607130,64481295400.0,253355.34900000002,253355349.0
2024,8,충북본부,744,2301166,239430876000.0,960276.5718,960276571.8
2024,9,강원본부,720,1252495,91829018700.0,522666.1635,522666163.5
2024,9,경기본부,720,8312123,614654550900.0,3468648.9279,3468648927.9
2024,9,경기북부본부,720,2161184,161017027200.0,901862.0832,901862083.2
2024,9,경남본부,720,2143833,158823571500.0,894621.5109,894621510.9
2024,9,경북본부,720,1274226,93390971400.0,531734.5098,531734509.8
2024,9,광주전남본부,720,3985060,292091879700.0,1662965.538,1662965538.0
2024,9,남서울본부,720,2377183,179061014700.0,991998.4659000001,991998465.9
2024,9,대구본부,720,3042150,225784954500.0,1269489.195,1269489195.0
2024,9,대전세종충남본부,720,5317942,390166181700.0,2219177.1966,2219177196.6
2024,9,부산울산본부,720,5186774,381969246000.0,2164440.7902,2164440790.2
2024,9,서울본부,720,1863626,140505712800.0,777691.1298,777691129.8
2024,9,인천본부,720,3067327,228952717200.0,1279995.5571,1279995557.1
2024,9,전북본부,720,1661579,122539101900.0,693376.9167000001,693376916.7
2024,9,제주본부,720,523325,39032317800.0,218383.5225,218383522.5
2024,9,충북본부,720,2032244,149388457200.0,848055.4212,848055421.2
2024,10,강원본부,744,1231871,89564151000.0,514059.7683,514059768.3
2024,10,경기본부,744,7695905,565746341700.0,3211501.1565,3211501156.5
2024,10,경기북부본부,744,2044324,150978659700.0,853096.4052,853096405.2
2024,10,경남본부,744,1973369,144907681200.0,823486.8837,823486883.7
2024,10,경북본부,744,1211365,88192308900.0,505502.6145,505502614.5
2024,10,광주전남본부,744,3707931,270138627000.0,1547319.6063,1547319606.3
2024,10,남서울본부,744,1898394,141993336300.0,792199.8162,792199816.2
2024,10,대구본부,744,2911638,214468841700.0,1215026.5374,1215026537.4
2024,10,대전세종충남본부,744,4905520,357792534000.0,2047073.496,2047073496.0
2024,10,부산울산본부,744,4823852,353064374400.0,2012993.4396,2012993439.6
2024,10,서울본부,744,1471392,110159949600.0,614011.8816,614011881.6
2024,10,인천본부,744,2744588,203422769700.0,1145316.5724,1145316572.4
2024,10,전북본부,744,1562501,114249100500.0,652031.6673,652031667.3
2024,10,제주본부,744,436715,32316978600.0,182241.1695,182241169.5
2024,10,충북본부,744,2034653,148509378600.0,849060.6969,849060696.9
2024,11,강원본부,720,1312073,128487002399.99998,547528.0629,547528062.9
2024,11,경기본부,720,7563733,754822541500.0,3156345.7809,3156345780.9
2024,11,경기북부본부,720,2042327,205032970800.0,852263.0571,852263057.1
2024,11,경남본부,720,2014016,199297341000.0,840448.8768,840448876.8
2024,11,경북본부,720,1219710,120007483900.0,508984.983,508984983.0
2024,11,광주전남본부,720,3596146,354324680400.0,1500671.7258,1500671725.8
2024,11,남서울본부,720,1919124,196057918600.0,800850.4452,800850445.2
2024,11,대구본부,720,2893368,288909697400.0,1207402.4664,1207402466.4
2024,11,대전세종충남본부,720,4980003,490634734400.0,2078155.2519,2078155251.9
2024,11,부산울산본부,720,4615214,457928301500.0,1925928.8022,1925928802.2
2024,11,서울본부,720,1497960,153161191000.0,625098.708,625098708.0
2024,11,인천본부,720,2789365,281200608300.0,1164002.0145,1164002014.5
2024,11,전북본부,720,1550066,153026496900.0,646842.5418,646842541.8
2024,11,제주본부,720,421848,42295958600.0,176037.1704,176037170.4
2024,11,충북본부,720,1983673,195619936200.0,827786.7429,827786742.9
2024,12,강원본부,744,1566991,152745691700.0,653905.3443,653905344.3
2024,12,경기본부,744,8459633,845528775400.0,3530204.8509,3530204850.9
2024,12,경기북부본부,744,2435614,244452781100.0,1016381.7222,1016381722.2
2024,12,경남본부,744,2322182,228606439100.0,969046.5486,969046548.6
2024,12,경북본부,744,1340155,131780245200.0,559246.6815000001,559246681.5
2024,12,광주전남본부,744,4148791,409200803700.0,1731290.4843000001,1731290484.3
2024,12,남서울본부,744,2371954,243451819600.0,989816.4042,989816404.2
2024,12,대구본부,744,3216776,321841241400.0,1342360.6248,1342360624.8
2024,12,대전세종충남본부,744,5542514,547647265000.0,2312891.0922,2312891092.2
2024,12,부산울산본부,744,4991825,496586628600.0,2083088.5725,2083088572.5
2024,12,서울본부,744,1855053,190425159100.0,774113.6169,774113616.9
2024,12,인천본부,744,3240105,327692804900.0,1352095.8165,1352095816.5
2024,12,전북본부,744,1748881,172816285100.0,729808.0413,729808041.3
2024,12,제주본부,744,501418,50115640400.0,209241.7314,209241731.4
2024,12,충북본부,744,2218996,218172687300.0,925987.0308000001,925987030.8
